<?xml version="1.0" encoding="utf-8"?>
<!--
/**
 * @package Crisp
 * @author Crisp IM
 * @copyright (C) 2016 - Crisp IM
 * @license GNU/GPLv3 http://www.gnu.org/licenses/gpl-3.0.html
**/
 -->
<extension type="package" version="3.1">
	<name>Crisp</name>
	<packagename>crisp</packagename>
	<author>Crisp IM</author>
	<authorEmail>baptiste@crisp.im, elecoest@gmail.com</authorEmail>
	<authorUrl>https://crisp.im, https://www.allevents3.com</authorUrl>
	<creationDate></creationDate>
	<version>1.0.0</version>
	<license>GNU/GPLv3 http://www.gnu.org/licenses/gpl-3.0.html</license>
	<url>https://crisp.im</url>
	<description>Crisp is a free and beautiful livechat to interact with customers.</description>

	<files folder="packages">
		<file type="component" id="com_crisp">com_crisp.zip</file>
		<file type="plugin" id="crisp" group="content">plg_crisp.zip</file>
	</files>
</extension>
